,Name
Louise Bourgeois,3336
Lilly Reich,823
Dorothea Lange,480
Elaine Lustig Cohen,235
Marianne Wex,214
Olga Rozanova,211
Sophie Calle,203
Anni Albers,198
Kiki Smith,177
Aleksandra Mir,175
Frances Benjamin Johnston,158
Natalia Goncharova,134
Lauretta Vinciarelli,124
Claudia Andujar,109
Judith Joy Ross,106
Ilse Bing,104
Sherrie Levine,103
Blanche Parker,103
Elizabeth Murray,99
Rosemarie Trockel,99
Cindy Sherman,98
Doris Ulmann,95
Yoko Ono,93
Fiona Banner,92
Marie Laurencin,91
Mieko Shiomi,89
Gertrude Käsebier,88
Helen Levitt,88
Ellen Gallagher,85
Ree Morton,84
Diane Arbus,83
Kara Walker,83
Rachel Harrison,80
VALIE EXPORT,79
Jan Groover,79
Louise Nevelson,78
Berenice Abbott,78
Adrian Piper,78
Eva Zeisel,77
Chryssa,74
Gego (Gertrud Goldschmidt),71
Meg Cranston,71
Martha Rosler,68
Louise Lawler,66
June Wayne,65
Margaret Bourke-White,65
Helen Frankenthaler,62
Takako Saito,62
Joanne Leonard,62
Eleanor Antin,60
Varvara Stepanova,60
Rosalind Fox Solomon,60
Alison Knowles,60
Mira Schendel,57
Gunta Stölzl,57
Florine Stettheimer,57
Vija Celmins,56
Ruth Asawa,56
Sonia Delaunay-Terk,55
Marina Abramović,54
Lee Bontecou,54
Susan Rothenberg,52
Fré Cohen,51
Agnes Martin,51
Geneviève Asse,50
Rachel Whiteread,47
Joan Mitchell,47
Hilma af Klint,47
Julie Mehretu,46
Betye Saar,46
Madoka Takagi,46
Pat Steir,43
Imogen Cunningham,43
Irma Boom,43
Zarina,43
Cady Noland,42
Shigeko Kubota,41
Beth Van Hoesen,40
Grace Hartigan,39
Marian Zazeela,38
Ynez Johnston,38
Peggy Bacon,37
Gay Block,37
Hedda Sterne,36
Jo Baer,36
Alexandra Exter,35
Simone Forti,35
Anne Ryan,35
Lynn Hershman Leeson,34
Lorna Simpson,34
Deana Lawson,34
Käthe Kollwitz,34
Rebecca Horn,33
Melissa Shook,33
Beatriz González,33
Andrea Zittel,33
Liliana Porter,33
Susan Kare,32
Tina Modotti,32
Eleanore Mikus,32
Anna Maria Maiolino,32
Agnes Caroline Chamberlayne Johnstone,31
Barbara Kruger,31
Meret Oppenheim,31
Erica Karawina,31
Marisol (Marisol Escobar),31
Tauba Auerbach,31
Cecilia Vicuña,31
Elizabeth Peyton,30
Dorothea Rockburne,30
Kirsten Hawthorne,30
Vera Ermolaeva,30
Carolee Schneemann,29
Edda Renouf,29
Hannah Wilke,29
Zoe Leonard,28
Mona Hatoum,28
Corita Kent (Sister Mary Corita),28
Lisette Model,27
Charline von Heyl,27
Roni Horn,27
Jennifer Bartlett,26
Suzanne McClelland,26
Pipilotti Rist,26
Joan Jonas,26
Valérie Belin,25
Katharina Fritsch,25
Dorine van der Klei,25
Barbara Morgan,24
Anne Goldthwaite,24
Zaha Hadid,24
Irene Siegel,24
Dorothea Tanning,24
Liubov Popova,24
Ruth Reeves,23
Carrie Mae Weems,23
Ximena Cuevas,23
Marlene Dumas,23
Faith Ringgold,23
Paulina Olowska,22
Elizabeth Catlett,22
Nicole Eisenman,22
Agnes Denes,22
Hanne Darboven,22
Nan Goldin,22
Terry Haass,22
Lucy McKenzie,22
Shahzia Sikander,22
Haegue Yang,22
Eva Hesse,22
Laurie Anderson,22
Meredith Monk,22
Lisa Yuskavage,22
Lygia Clark,21
Huma Bhabha,21
Laure Albin-Guillot,21
Trisha Donnelly,21
Reiko Sudo,21
Laura Owens,21
Sylvia Plimack Mangold,20
Marli Ehrman,20
Varvara Rodchenko,20
Marilyn Nance,20
Sonia Gechtoff,20
Gauri Gill,20
Tina Barney,20
Bridget Riley,19
Martine Syms,19
Ellen Phelan,19
Dorothy Dehner,19
Ranjani Shettar,19
Yayoi Kusama,19
Maria Siniakova,19
Ryoko Aoki,18
Graciela Iturbide,18
Alison Saar,18
Diane Victor,18
Sanja Iveković,18
Sara Cwynar,18
Julia Margaret Cameron,17
Teresa Margolles,17
Lynne Yamamoto,17
Trude Petri-Raben,17
Sheila Hicks,17
Marguerite Zorach,17
Lee Lozano,17
Lynda Benglis,17
Marianne Brandt,17
Joyce Treiman,17
Ida Applebroog,17
Bertien van Manen,16
Alice Attie,16
Susan Meiselas,16
Marjetica Potrč,16
Nalini Malani,16
Wendy Red Star,15
Barbara Bloom,15
Hélène Delprat,15
Alina Szapocznikow,15
Tomma Abts,15
Helene Fesenmaier,15
Isa Genzken,15
Reva Urban,15
Maria Martins,15
Wanda Gág,15
Andrea Fraser,15
Sophie Taeuber-Arp,14
Carmen Herrera,14
Jenny Holzer,14
Hella Jongerius,14
Luisa Zuloaga de Palacios,14
Saara Hopea,14
Howardena Pindell,14
Bani Abidi,14
Naomi Savage,14
Birgit Jürgenssen,14
Joan Lyons,14
Lola Flash,14
Trisha Brown,14
An-My Lê,14
Joyce Sills,13
Anna Andreeva,13
Seher Shah,13
Laurie Simmons,13
Emmy Andriesse,13
Suzanne Valadon,13
Diana Michener,13
Wangechi Mutu,13
Chitra Ganesh,13
Nell Blaine,13
Tracey Moffatt,13
Monica Bonvicini,13
Mako Idemitsu,13
Germaine Krull,13
Tacita Dean,13
Suzan Frecon,13
Liisa Roberts,13
Amy Cutler,12
Georgia O'Keeffe,12
Lotte Jacobi,12
Mabel Dwight,12
R. H. Quaytman,12
Mariette Pathy Allen,12
Florence Henri,12
Sibylle Bergemann,12
Dolly Perutz,12
Silvia Bächli,12
Tanyth Berkeley,12
Hannah Höch,12
Marion Post Wolcott,12
Honoré Sharrer,12
Anna Boghiguian,12
Sara Facio,11
Leslie Hewitt,11
Sari Dienes,11
Delia R. Gonzalez,11
Yto Barrada,11
Lucie Rie,11
Rineke Dijkstra,11
Sheila Isham,11
Jean Kellogg,11
Denise Green,11
Lisa Fromartz,11
Nancy Spero,11
Clare Strand,11
Elaine de Kooning,11
Steina,11
Kamala Ibrahim Ishag,11
Alice Halicka,11
Lydia Naumova,11
Lieko Shiga,11
Kosuke Araki,11
Niki de Saint Phalle,11
Dora Maar,11
Claudette Schreuders,11
Olivia Parker,11
Channa Horwitz,10
Noémi Raymond,10
Geta Brătescu,10
Julia Wachtel,10
Lea Lublin,10
Ruth Root,10
Ketaki Sheth,10
Laura Grisi,10
Dasha Shishkin,10
Isabel Bishop,10
Amanda Williams,10
Carol Bove,10
Yuki Kimura,10
Ingeborg Gabriel,10
Maria Lassnig,10
Pushpamala N,10
JoAnn Verburg,10
Ann Hamilton,10
Alessandra Sanguinetti,10
Dóra Maurer,10
Abby Leigh,10
Nancy Graves,10
Jane Hammond,10
Birgit Skiöld,10
Lois Conner,10
Gertrudes Altschul,10
Lee Krasner,10
Rogi André (Rozsa Klein),10
Lois Long,10
Liza Lou,9
Laura Gilpin,9
Johanna Calle,9
Martine Franck,9
Alice Neel,9
Aenne Biermann,9
Yvonne Rainer,9
Pae White,9
Katalin Ladik,9
Cristina Iglesias,9
Alice Aycock,9
Mary E. Frey,9
Barbara Brändli,9
Charlotte Posenenske,9
Judith Shea,9
Paz Errázuriz,9
Lois Lane,9
Jane Wilson,9
Renée Sintenis,9
Anne Truitt,9
Valentina Kulagina,9
Nancy Rubins,9
Ming Smith,8
Sarah Sze,8
Christiane Baumgartner,8
Nicola Tyson,8
Yvonne Jacquette,8
Michal Rovner,8
Carmela Gross,8
Susana Solano,8
Atsuko Tanaka,8
Park McArthur,8
Mattia Moreni,8
Ana Mendieta,8
Eileen Gray,8
Elaine Mayes,8
Louise Dahl-Wolfe,8
Hayley Tompkins,8
Hella Fischer-Thorer,8
Dorothy Norman,8
Paula Scher,8
Beatriz Milhazes,8
Gillian Wearing,8
Fernanda Gomes,8
Sheron Rupp,8
Taryn Simon,8
Amy Sillman,8
LaToya Ruby Frazier,8
Karin Sander,7
Ulrike Müller,7
Dorothy Liebes,7
Birgit Megerle,7
Stephanie Syjuco,7
Marianne Strengell,7
Dana Duff,7
Sandra Vásquez de la Horra,7
Sarah Lucas,7
Mimi Smith,7
Kati Horna,7
Ilka Gedő,7
Joan Snyder,7
Nye Ffarrabas (formerly Bici Forbes and Bici Forbes Hendricks),7
Merry Alpern,7
Victoria Cabezas,7
Inka Essenhigh,7
Minnie Evans,7
Mary Beth Edelson,7
Jay DeFeo,7
Rita McBride,7
Kay WalkingStick,7
Jackie Ferrara,7
Irina Rozovsky,7
Merle Spandorfer,7
Beatrice Riese,7
Dana Atchley,7
Emily Belding,7
Julie Zando,7
Rosângela Rennó,7
Jorinde Voigt,7
Toyin Ojih Odutola,7
E. V. Day,7
Ekaterina Turova,7
Nan Hoover,7
Violet Hopkins,7
Catherine Opie,7
Ritva Puotila,7
Grete Wolf-Krakauer,7
Sonia Švecová,7
Julia Jacquette,7
Elena Semenova,7
Nathalie du Pasquier,7
Mai-Thu Perret,7
Shio Kusaka,6
Sue Coe,6
Caroline Slotte,6
Mary Heilmann,6
Eve Aschheim,6
Xenon Straub,6
Paloma Varga Weisz,6
Senga Nengudi,6
Marcia Resnick,6
Dara Birnbaum,6
Sarah Charlesworth,6
Gwen John,6
SEO (Seo Soo-Kyoung),6
Dionne Lee,6
Shelby Hughes,6
Farah Al Qasimi,6
Consuelo Kanaga,6
Hodaka Yoshida,6
Gilda Mantilla,6
Pearl Blauvelt,6
Germaine Richier,6
Katerina Lanfranco,6
Kerstin Brätsch,6
Zanele Muholi,6
James Nares,6
Marilyn Minter,6
Magdalena Abakanowicz,6
Shirazeh Houshiary,6
Jitka Hanzlová,6
Simone Nieweg,6
Miriam Schapiro,6
Shirana Shahbazi,6
Joyce Kozloff,6
Vanessa Beecroft,6
Sue Williams,6
Judy Pfaff,6
Sam Contis,6
Anupama Kundoo,6
Loren MacIver,6
Sonja Sekula,6
Joan Albert,6
Frances Stark,6
Anna Bella Geiger,6
Mamma Andersson,6
Dorit Margreiter,6
Louisa Chase,6
Mirtha Dermisache,6
Swoon,6
Kembra Pfahler,6
Carla Liss,5
Klara Liden,5
Gundula Schulze-Eldowy,5
Rosemary Mayer,5
Marian Mahler,5
Ann Craven,5
Andrea Büttner,5
Zofia Rydet,5
Kim Keever,5
Barbara Norfleet,5
Debra Hampton,5
Chloe Piene,5
Minna Citron,5
Claudia Comte,5
Anna Gaskell,5
Leonora Carrington,5
Paula Modersohn-Becker,5
Lenore Tawney,5
Katy Grannan,5
Gladys Nilsson,5
Sondra Perry,5
Deborah Fleming Caffery,5
Sage Sohier,5
Jo Ractliffe,5
Marie Losier,5
Edith Dekyndt,5
Teresa Moro,5
Marina Adams,5
Marilyn Bridges,5
Erin Shirreff,5
ORLAN (Mirielle Suzanne Francette Porte),5
Emma Amos,5
Anna Halprin,5
Lucia Moholy,5
Alice Hutchins,5
Sara VanDerBeek,5
Tala Madani,5
Christina Ramberg,5
Prunella Clough,5
Laurel Nakadate,5
Mary Miss,5
B. Ingrid Olson,5
Sharon Hayes,5
Nanny Still,5
Mary Bauermeister,5
Lynette Yiadom-Boakye,5
Joan Banach,5
Kerry Tribe,5
Běla Kolářová,5
Barbara Chase-Riboud,5
Grete Stern,5
Sibylle Möllering-Kaldewey,5
Sylvie Fleury,5
Hito Steyerl,5
Lori Ellison,5
Cecily Brown,5
Michelle Stuart,5
Flor Garduño,5
Lygia Pape,5
Yui Kugimiya,5
Every Ocean Hughes,5
Regina Silveira,4
Eszter Haraszty,4
Andrea Bowers,4
Anne Turyn,4
Linda Connor,4
Sybil Andrews,4
Ringl + Pit,4
Natalia Pinus,4
Kseniia Boguslavskaia,4
Nono Reinhold,4
Martirene Alcántara,4
Nancy Holt,4
Julia Fish,4
Hellen Van Meene,4
Jane Kaplowitz,4
Ida O'Keeffe,4
Amelie von Wulffen,4
Mary Weatherford,4
Sofia Borges,4
Barbara Kasten,4
Vivian Cherry,4
Irene Rice Pereira,4
Mary Petty,4
Shirin Neshat,4
Lesley Dill,4
Josephine Pryde,4
Jane Freilicher,4
C. & I. Hohenbüchler,4
Ruth Bernhard,4
Dyani White Hawk,4
Sable Elyse Smith,4
Justine Kurland,4
Eileen Quinlan,4
Edith Heath,4
Hannelore Baron,4
Tabaimo,4
Maya Deren,4
Maria Kipp,4
Alexis Smith,4
Leona Pierce,4
Patti Smith,4
Vanessa Bell,4
Uta Barth,4
Lin Tianmiao,4
Yvonne Delattre,4
Barbara Hepworth,4
Julia Rommel,4
Tomoko Miho,4
Simryn Gill,4
Cindy van den Bremen,4
Jeanne Dunning,4
Mabel Rubli,4
Nell Dorr,4
Eva Lipman,4
Vivian Browne,4
Caroline Durieux,4
Sara Greenberger Rafferty,4
Margarete (Grete) Heymann Loebenstein Marks,4
Sheila Metzner,4
Kay Sage,4
Collier Schorr,4
Tracy Nakayama,4
Louise Campbell,4
Kim McCarty,4
Graciela Carnevale,4
Sigalit Landau,4
Barbara Jones-Hogu,4
Alyson Shotz,4
Marisa Merz,4
Alma Lavenson,4
Raque Ford,4
Senzeni Marasela,4
Mary Frank,4
Jeanne Moutoussamy-Ashe,4
Ana Maria Moncalvo,4
Nancy Hellebrand,4
Amy O'Neill,4
Sylvia Wald,4
Lorie Novak,4
Carole Seborovski,4
April Gornik,4
Valentine Hugo,4
Jenny Perlin,4
Lucienne Day,4
Lettie A. Allen,4
Simone Shubuck,4
Katharina Bosse,4
Gina Pane,4
Amelia Peláez Del Casal,4
Dani (Leventhal) ReStack,4
Alice Rahon,3
Toots Zynsky,3
Lisl Ponger,3
Doris Salcedo,3
Kumi Machida,3
May Stevens,3
Mindy Faber,3
Winka Dubbeldam,3
Angèle Etoundi Essamba,3
Sarah Morris,3
Bertha Trabich,3
Colleen Frances Kenyon,3
Vuokko Eskolin,3
Letícia Parente,3
Maria Laet,3
Audrey Flack,3
Claudy Jongstra,3
Aki Inomata,3
Fayga Ostrower,3
Lina Bo Bardi,3
Anna Ticho,3
Amy Gartrell,3
Jo Ann Callis,3
Clara Tice,3
Valentina Kulagina-Klutsis,3
Maria Brunner,3
Shizuko Muller-Yoshikawa,3
Raquel Forner,3
Vaginal Davis,3
Anna Ostoya,3
Elisabeth Hase,3
Katy Schimert,3
Vera Lisková,3
Marguerite Wildenhain,3
Sandra Gamarra,3
Marie Cosindas,3
Ester Partegàs,3
Mary Ellen Mark,3
Abigail Perlmutter,3
Lucia Radochonska,3
Clara E. Sipprell,3
Anne W. Brigman,3
Susan Te Kahurangi King,3
Akiko Shirai,3
Alice Trumbull Mason,3
Marcia Hafif,3
Iman Issa,3
Eva Watson-Schütze,3
Vibeke Tandberg,3
Emma Gismondi Schweinberger,3
Alex Prager,3
Anne Chu,3
Rei Naito,3
Mary Cassatt,3
Norma G. Morgan,3
Annette Lemieux,3
Hazel Kingsbury,3
June Redfern,3
Ardele Lister,3
Jo Ann Walters,3
Steffani Jemison,3
Ellen Berkenblit,3
Camille Billops,3
Anne Marie Fishbein,3
Nancy Burson,3
Amie Siegel,3
Jackie Winsor,3
Dotty Attie,3
Elsa Schmid,3
Jenny Roed,3
Karen Kilimnik,3
Elizaveta Ignatovich,3
Bea Maddock,3
Catherine Murphy,3
Suzanne R. Dworsky,3
Astrid Sampe,3
Paola Ferrario,3
Gertrude Greene,3
Jennifer Pastor,3
Margrethe Mather,3
Esther Bubley,3
Miyako Ishiuchi,3
Ulli Maier,3
Ruth Bessoudo Courvoisier,3
Gloria della Vittoria,3
Diane Lewis,3
Mika Rottenberg,3
Toyen (Marie Čermínová),3
Frida Kahlo,3
Charmion von Wiegand,3
Alicia Orlandi,3
Ursula von Rydingsvard,3
Janine Antoni,3
Diamond Stingily,3
Elizabeth Simonson,3
Camille Henrot,3
Alison Rossiter,3
Dominique Gonzalez-Foerster,3
Beatrice Wood,3
Katherine Porter,3
Maria Serebriakova,3
Julie Becker,3
Pierrette Bloch,3
Dinora (Doudtchitsky),3
Hiroe Saeki,3
Sue de Beer,3
Lisa Oppenheim,3
Judy Gelles,3
Emily Jacir,3
Agatha Wojciechowsky,3
Pauline Oliveros,3
Vera (Vera Neumann),3
Toba Tucker,3
Katharina Wulff,3
Vera Molnar,3
Anna Atkins,3
Mary Rogers,3
Kirstine Roepstorff,3
Lola Alvarez Bravo,3
Barbara Probst,3
Lyn Gardiner,3
Jane Knížák,3
Wu Tsang,3
Joyce Pensato,3
Deborah Turbeville,3
Marguerita Mergentime,3
Dannielle Tegeder,3
Janice Guy,3
Rachel Selekman,3
Warja Lavater,3
Heidi Bucher,3
Maria Helena Vieira da Silva,3
Judy Dater,3
Elena del Rivero,3
Jac Leirner,3
Toba Khedoori,3
Xaviera Simmons,3
Nancy Rexroth,3
Lida Moser,3
Regina José Galindo,3
Donia Nachshen,3
Laurence Humier,3
Lara Schnitger,3
Christine Sun Kim,3
Elise (Elise Seeds Armitage),3
Anne Collier,3
Sandi Haber Fifield,3
Blythe Bohnen,3
Sturtevant,3
Pitseolak,3
Ginny Bishton,3
Maxi Cohen,3
Susan Turcot,3
Dana Schutz,3
Nasreen Mohamedi,3
Deirdre Burnett,3
Rivane Neuenschwander,3
Shannon Ebner,3
Anne Noggle,3
Patricia Johanson,3
Sonia Lewitzka,3
Orly Genger,3
Natal'ia Nagorskaia,3
Graziella Urbinati,3
Jan Hashey,3
Jane Dickson,3
Cheryl Donegan,2
Ylla,2
Emma Lu Davis,2
Cao Fei,2
Liz Deschenes,2
Carey Maxon,2
Lily Cushing,2
Cosima von Bonin,2
Alice von Pechmann,2
Mary Curtis,2
Susan Unterberg,2
Marie Luise Lebschik,2
Mary L. Seaman,2
Hajra Waheed,2
Huguette Franco,2
Rosa Loy,2
Victoria Sambunaris,2
Priscilla T. Forthman,2
Ruth Orkin,2
Sylvia Sleigh,2
Julia Lohmann,2
Gertrud Arndt,2
Anicka Yi,2
Betty Hahn,2
Sandi Fellman,2
Lisa Steele,2
Cindy Bernard,2
Vera Bocayuva Mindlin,2
Yva (Else Ernestine Neuländer),2
Charlene Liu,2
Christa Ehrlich,2
Sam Taylor-Wood,2
Tone Vigeland,2
Judith Bernstein,2
Noemi Smilansky,2
Halina Chrostowska,2
Manon de Boer,2
Kerstin Kartscher,2
Jennifer Morla,2
Catherine Wagner,2
Stefana McClure,2
Polly Apfelbaum,2
Gloria Cortella,2
Claudia Hart,2
Roser Llop Bru,2
Zoe Crosher,2
A.K. Burns,2
Claude Cahun (Lucy Schwob),2
Johanna Kandl,2
Markéta Luskacová,2
Kazuko Miyamoto,2
Regina Maria De Luise,2
Frances Butler,2
Leslie Beaton,2
Alicja Szubert-Olszewska,2
Shinako Sato,2
Lourdes Portillo,2
Olga De Amaral,2
Ryah Ludins,2
Ursula Morley Price,2
Janet Sobel,2
Agnès Varda,2
matali crasset,2
Louisiana Bendolph,2
Martha Wilson,2
Kate Millett,2
Tania Bruguera,2
Joan Semmel,2
Jennett Lam,2
Bea Nettles,2
Jane Dickerman,2
Janet Fish,2
Nina Tryggvadottir,2
Noriko Ambe,2
Janice Kerbel,2
Hulleah J. Tsinhnahjinnie,2
Minerva Cuevas,2
Lucy Raven,2
Florence Knoll,2
Berni Searle,2
Elinor Carucci,2
Patricia Jon Carroll,2
Betty Goodwin,2
Ewa Partum,2
Bouchra Khalili,2
Jacqueline Poncelet,2
Allyson Strafella,2
Miriam Cahn,2
Eva Rothschild,2
Angela Jansen,2
Antonia Campi,2
Liang Yue,2
Chunghi Choo,2
Alice Adams,2
Carol Block Taback,2
Amy Arbus,2
Miriam Chiaverini,2
Jennie C. Jones,2
Frances Felten,2
Patricia Urquiola,2
Ekaterina Zernova,2
Futzie Nutzle,2
Dora Jung,2
Karen Heagle,2
Ivana Keser,2
Inge Morath,2
Aurèlia Muñoz,2
Hermine David,2
Izabella Gustowska,2
Janet Cardiff,2
Laylah Ali,2
Samella Lewis,2
Maria Bri-Bein,2
Aslı Çavuşoğlu,2
Nancy Buchanan,2
Nomathemba Tana,2
Monika Sosnowska,2
Betty Clark Little,2
Rochelle Feinstein,2
Pia Gazzola,2
Ulrike Rosenbach,2
Ebecho Muslimova,2
Suwon Lee,2
Helen De Michiel,2
Leslie Thornton,2
Vera Ivanova,2
Rosalind Nashashibi,2
Genevieve Naylor,2
Michelle Segre,2
Jen DeNike,2
Karen Eubel,2
Branda Miller,2
Luchita Hurtado,2
Nairy Baghramian,2
Milly Steger,2
Nair Benedicto,2
Jody Shields,2
Donna-Lee Phillips,2
Luca Crippa,2
Mimi Parent,2
Susan Friedman,2
Lidy Prati,2
Sandra Llano-Mejia,2
Teresita Fernández,2
Althea McNish,2
Sandra Mujinga,2
Patty Chang,2
Marlow Moss,2
Evelene Wechsler,2
Barbara Rossi,2
Ruth Vollmer,2
Margaret Watkins,2
Martha Diamond,2
Maria Lagorio,2
Mariana Yampolsky,2
Nathlie Provosty,2
Tarsila do Amaral,2
Mariana Cook,2
Mariah Robertson,2
Clare Stephenson,2
Li Yongbin,2
Meridel Rubenstein,2
Ilene Segalove,2
Greta Magnusson Grossman,2
Hilda Morris,2
Annett Zinsmeister,2
Wendy MacNeil,2
Ann McCoy,2
Shirley Goldfarb,2
Marina Pinsky,2
Ena Swansea,2
Jessica Stockholder,2
Klára Tamás,2
Sue Williamson,2
Judith Barry,2
Kathleen Agnoli,2
Carla Arocha,2
Torun Bülow-Hübe,2
Tria Giovan,2
Mabelle Richardson,2
Sophie Tottie,2
Sylvia Gosse,2
Jessie Tarbox Beals,2
Jill Moser,2
Llewellyn Xavier,2
Jóhanna Boga,2
Nancy Grossman,2
Jessica Diamond,2
Maria Catalina Otero Lamas,2
Etel Adnan,2
Lotte Beese,2
Terry Evans,2
Jutta Koether,2
Sandy Walker,2
Nina Lola Bachhuber,2
Joëlle Tuerlinckx,2
Monica Majoli,2
Catherine Lee,2
Judith Black,2
Monika Baer,2
Martine Barrat,2
Maria Magdalena Campos-Pons,2
Marilynn K. Yee/The New York Times,2
Kay Rosen,2
Beth Campbell,2
Olga Costa,2
Charlotte Perriand,2
Sylvia Wolf,2
April Greiman,2
Cornelia Parker,2
Colette Alvarez Urbajtel,2
Mary Lee Bendolph,2
Michele Abeles,2
Maria Uhden,2
Claire Wagner Kosterlitz,2
Odette des Garets,2
Josephine Meckseper,2
Dalla Husband,2
Margherita Manzelli,2
Rosemarie Castoro,2
Andrea Geyer,2
Lee Conklin,2
Lesley Vance,2
Amalia Pica,2
Dara Friedman,2
Joan Brown,2
Monika Correa,2
Lynn Davis,2
Franziska Furter,2
Sheila Fournier,2
Yvonne Droge-Wendel,2
Georgina Starr,2
Moik Schiele,2
Katharina Grosse,2
Fannie Hillsmith,2
Ruth Velissaratos,2
Mary Callery,2
Ati Maier,2
Clare Rojas,2
Ketty La Rocca,2
Helen Marten,2
Elyn Zimmerman,2
Rimma Zanjevskaja,2
Tracey Emin,2
Maria Hees,2
Mary Kocol,2
Susan Kaprov,2
Cecelia Condit,2
Elfi Schuselka,2
Mildred Thompson,2
Sarah Walker,2
Joan Witek,2
Lina Zervudaki,2
Barbara Mors,2
Judith Godwin,2
Elisabeth Frink,2
Helen Rae,2
Dora M. Batty,2
Susan Hiller,2
Carlotta Corpron,2
Betty Woodman,2
Mariko Mori,2
Sara Sosnowy,2
Ellen Spiro,2
Barbara Hammann,2
Martha Tuttle,2
Alma Woodsey Thomas,2
Helen Torr,2
Barbara Degerman,2
Joanna Piotrowska,2
Alice Baber,2
Dayanita Singh,2
Eloise Howard,2
Silvia Kolbowski,2
Saloua Raouda Choucair,2
Valentina Khodasevich,2
Jill Baroff,2
Loretta Fahrenholz,2
Annette Kelm,2
Kristin Lucas,2
Mary Ethel Thompson,2
Esphyr Slobodkina,2
Constance Brenner Vieira Da Cunha,2
Dorothy Hood,2
Meredith Danluck,2
Robin Schwartz,2
Berlinde De Bruyckere,2
Trude Fleischmann,2
Helga Nykopp,2
Miriam Böhm,2
Elizabeth Hallenbeck,2
Gretchen Bender,2
Susan Hambleton,2
Lisa Ruyter,2
Sally Osborn,2
Alena Kučerová,2
Jamie Isenstein,2
Francesca Woodman,2
Shambhavi,2
Dulce Carneiro,2
Gabrielle L’Hirondelle Hill,2
Lynne Drexler,2
Elfriede Stegemeyer,2
Edith Behring,2
Grega Košak,2
Madelon Vriesendorp,2
Elaine Reichek,2
Nicola López,2
Lucy Skaer,2
Suzy Lake,2
Bonnie Maclean,2
Sue Fuller,2
Gae Aulenti,2
Emily Fuller,2
Karin Apollonia Müller,2
Majda Dobravec-Lajovic,2
Elizabeth Blackadder,2
Valery Gerlovin,2
Dawn Clements,2
Judith Lauand,1
Tiona Nekkia McClodden,1
Edna Clarke-Hall,1
Jacqueline Lamba,1
Maja Bajevic,1
Liudmila Shmit-Ryzhova,1
Adi Rosenblum,1
Kathy High,1
Georgianna Stout,1
Sarah Grilo,1
Stanya Kahn,1
Sherry Miller,1
Hồng-An Trương,1
Julia Weist,1
Joan Webster Price,1
Catriona Duffy,1
Gerda Mikhailova Nemenova,1
Eliana Gerotto,1
Miriam Kathrein,1
Bernadette Thompson,1
Tsuruko Yamazaki,1
Débora Mesa,1
Linda Plotkin,1
Starr Ockenga,1
Dorothy Sullivan,1
Mary Wykeham,1
Victoria Gitman,1
Christine Boyer,1
Suzanne van Damme,1
Sandy McLeod,1
Adelita Husni-Bey,1
Helen Marden,1
Fumiko Miki,1
Rose Clark,1
Colette Bangert,1
María Teresa Hincapié,1
Candice Lenney,1
Dorothy F. Markle,1
Anna Blume,1
Babette Mangolte,1
Kunié Sugiura,1
Hilla Becher,1
Mrs. Truus Schröder-Schräder,1
Jane Poupelet,1
Eva Schoeler,1
Beca Lipscombe,1
Julie Joliat,1
Elisabeth Grübl,1
Penelope Umbrico,1
Thea Djordjadze,1
Vika Voronova,1
Rania Ghosn,1
Johanna Rille,1
Susan Barron,1
Heike Baranowsky,1
Cécile B. Evans,1
Erika Giovanna Klien,1
Helen Mayer Harrison,1
Reiko Tanabe,1
Jeanette Reinhardt,1
Emily Sundblad,1
Freda Diamond,1
Sofia Zaklikovskaia,1
Lisa Hyatt,1
Yael Mer,1
Daniela Haufe,1
Mary Martin,1
Elizabeth A. Wilkes,1
Robyn Miller,1
Stephanie Taylor,1
Lynn Alexander,1
Moira Dryer,1
Katherine Turczan,1
Jane Veeder,1
Sigríður Björnsdóttir,1
Hella Skowronski,1
Ithell Colquhoun,1
Claire Barclay,1
Diane Wakaski,1
Manya Kuzemchenko,1
Clementine Helene Dufau,1
Elizabeth Timberman,1
Joan Livingstone,1
Lil Picard,1
Renate Grindler,1
Eva Björklund,1
Anna Letycia Quadros,1
Pat Passlof,1
Susan Hefuna,1
Margret Hildebrand,1
Wijnanda Deroo,1
Sam Moyer,1
Katherine Schmidt,1
Mary Vieira,1
Rhonda Abrams,1
Ines Wetzel,1
Mary Kelly,1
Francesca Gabbiani,1
Amanda Knox Sather,1
Katinka Mann,1
Cathy Wilkes,1
Elizabeth Butterworth,1
Yukiyo Matsushita,1
Riba Rovira,1
Annette Peacock,1
Laura Andreson,1
Edit deAk,1
Charlotte Schmidt,1
Jane Wenger,1
Elsa Fischer-Treyden,1
Louise Kruger,1
Nadia Coën,1
Caroline Lucas,1
Hildegarde Haas,1
Ilit Azoulay,1
Elena Bortsova,1
Deborah Gottheil Nehmad,1
Toni Hughes,1
Miuccia Prada,1
Eiko Ishioka,1
Helen Phillips,1
Su Braden,1
Oliva Perotes,1
Maria Benktzon,1
Grete Jalk,1
Katharina Hager,1
Marianna Schmidt,1
Ada V. Gabriel,1
Deanna Kamiel,1
Keiko Minami,1
Beatrix Zobl,1
Josefa Santos,1
Nina Soboleva,1
Tamiko Thiel,1
Charlotte Rudolph,1
Sachiko Hamada,1
Nancy Azara,1
Jazz Lee Alston,1
Alix Pearlstein,1
Petah Coyne,1
Virginia San Fratello,1
Trudi Sitterle,1
Zilia Sánchez,1
Cecily Hoyt,1
Leni Matthaei,1
Elizabeth Diller,1
Suzanne DeChillo/The New York Times,1
Frances Barth,1
Gert Dumbar,1
Caroline Bos,1
Cinthia Marcelle,1
Joan Heemskerk,1
Julia Thecla,1
Santina Bonini,1
Xiomara De Oliver,1
Sarai Sherman,1
Sarah Berman,1
Joan Nelsen,1
Aino Aalto,1
Die Damen,1
Julia Müller,1
Hedda Beese,1
Thelma Becherer,1
Danièle Nyst,1
Tsuguya Inone,1
Mathilde Weil,1
Elizabeth McFadden,1
Jeanne Granès,1
Peggy Diggs,1
Zofia Kulik,1
Margaret Heeps,1
Franciska Clausen,1
Tina Weymouth,1
Carla Accardi,1
Jill Richards,1
Mirta Gómez,1
Joan Nelson,1
Deborah Adler,1
Barbara Kraus,1
Nadezhda Burliuk,1
Catalina Parra,1
Ada Louise Huxtable,1
Doris Seidler,1
Kati London,1
Christine Hill,1
Jan Peacock,1
Sandrine Pelletier,1
Emma Justine Farnsworth,1
Solange Fabião,1
Lois Dodd,1
Cléanthe (Cléante Carr),1
Naoko Tosa,1
Penelope Bennett,1
Gabisile Nkosi,1
Sandra Blow,1
Kaari Upson,1
Mary Lou Jepsen,1
Giselle Baillie,1
Luisa Cevese Riedizioni,1
Adelle Lutz,1
Melodie McDaniel,1
Lauren Ewing,1
Anne Steele Marsh,1
Dorota Jurczak,1
Elena Damiani,1
Coren Sharples,1
Kiki (Kiki O. K.) Kogelnik,1
Nora Speyer,1
Leslie Starobin,1
Annie Lutjens,1
Dörte Eissfeldt,1
Analisa Russo,1
Nancy Guay Giesberger,1
Benita Sanders,1
N. Dash,1
Dolores Zinny,1
Katja Strunz,1
Simone Farresin,1
Phyllis Baldino,1
Maria Hahnenkamp,1
Rita Ackermann,1
Marion Grogan,1
Paula Rego,1
Mary Jo Walters,1
Giorgia Lupi,1
Mary Obering,1
Lotty Rosenfeld,1
Carmen Perrin,1
Silvie Vondrejcova,1
Eve Kirk,1
Kimberly J. Holden,1
Musya Sheeler,1
Sonya Noskowiak,1
Milenija Marušić,1
Ayumi Shino,1
Hajime Ohigashi,1
Estella Conwill Majozo,1
Nadezhda Bronzova,1
Lucia Bartolini,1
Sandi Slone,1
Ljuba Kozintzeva-Ehrenburg,1
Nicolaas Warb (Sophie Warburg),1
Zandra Rhodes,1
Sophie Lissitsky,1
Maria Martinez-Cañas,1
Marcela Poch,1
Julia Murdoch,1
Ohmae Hiroshi,1
Rebecca Bray,1
Ulla af Ugglas,1
Annabel Jankel,1
Ernestine White,1
Aida Vaisman,1
Jeanne Jacquemin,1
Greta Knutson,1
Rea Tajiri,1
Nelly Richard,1
Amanda Guest,1
Claire Falkenstein,1
Florencia de Amesti,1
Cheryl Goldsleger,1
Jane Logemann,1
Carole Klonarides,1
Rosalind Bengelsdorf,1
Magda Mautner von Markhof,1
Sachiko Kazama,1
Laura Cottingham,1
Anna Kowalska,1
Judy Chicago,1
Sydney Drum,1
Jeanne Bardey,1
Carol Rama,1
Dörte Helm,1
Laura Volkerding,1
Maude Schuyler Clay,1
Vera Mukhina,1
Virginia Admiral,1
Jacqueline Yuan Quinn,1
Tamara Gayer,1
Anya Phillips,1
Marly Stone,1
Alice Standish Buell,1
Sherrie Rabinowitz,1
Rachel Kemper,1
Monika Von Boch,1
Jana Euler,1
Claudia Müller,1
Lois Weinberger,1
Mariana Castillo Deball,1
Jo Spence,1
Maya Ying Lin,1
Florence E. Piper,1
Lyn Godley,1
Fannie E. Kachline,1
Jill Giegerich,1
Coosje van Bruggen,1
Marguerite van Cook,1
Roswitha Schuller,1
Hilary Sample,1
Barbara E. Fumagalli,1
Joanne Tatham,1
Shelly Silver,1
Kyoko Kumai,1
Elva L. Brownson,1
Judy Woodborne,1
Kazuyo Sejima,1
Lindy Roy,1
Else Alfelt,1
Diane Poitras,1
Adriana Jadranka Maraž,1
Annemarie Heinrich,1
Revital Cohen,1
Barbara Blondeau,1
Melinda Morey,1
Mary Lucier,1
Nina Bovasso,1
Katarzyna Kobro,1
Vivienne Westwood,1
Jeanne Reynal,1
Evgeniia Spas'ka,1
Maria Bonomi,1
Suzanne Bocanegra,1
Ros Barron,1
Carme Pinos,1
Analivia Cordeiro,1
Renée Green,1
Maria Martinez,1
Stephanie Forsythe,1
Nancy Genn,1
Karen Klugman,1
Nadja Buttendorf,1
Coco Fusco,1
Lady Pink,1
Bertha Evelyn Jaques,1
Palmira Puig Giró,1
Jennifer Hackshaw,1
Il'ia Mashkov,1
Judith McWillie,1
Zhang Han,1
Vera Lutter,1
Susana Soares,1
Teresa Zabala,1
Jacqueline Groag,1
Marcel Moore (Suzanne Malherbe),1
Eve Sussman | Rufus Corporation,1
Natacha Carlu,1
Barbara Horosko,1
Valerie Jaudon,1
Nikki Bell,1
Julia Gorton,1
Laurie Reid,1
Raquel Rabinovich,1
Rosella Hartman,1
Ella Bergmann-Michel,1
Natalie Czech,1
Lucy Jones,1
Antonina Sofronova,1
Rosario Hurtado,1
Louise Breslau,1
Françoise Janicot,1
Haruhiko Shono,1
Barbara Sandler,1
Julia Mangold,1
Pietra Jansen,1
Kate Gilmore,1
Elke Krystufek,1
Katharina Heise (Karl Luis Heinrich-Salze),1
Tat'iana Mavrina,1
Louisa Hutton,1
Irene Aronson,1
Olga Deineko,1
Sandra Ramos,1
Diana Ross,1
Nancy Manter,1
Esti Schur,1
Tomoko Sawada,1
Anna Chojnacka,1
Sheila Pinkel,1
Pat Lasch,1
Kim Yao,1
Theora Hamblett,1
Lida Abdul,1
Melissa Ann Pinney,1
Svetlana Alpers,1
Bella Ban,1
Ellen Auerbach,1
Deborah Sussman,1
Kate Harris,1
Kathy Butterly,1
Siv Helene Stangeland,1
"Edra Mazzei, Pisa, Italy",1
Ayah Bdeir,1
Marjory Collins,1
Nancy Reitkopf,1
Max Almy,1
Noriko Furunishi,1
Anna Sobol,1
Hilde Hubbuch,1
Rachel Wingfield,1
Maria Jauhiainen,1
Catherine Yass,1
Kirsten Kraa,1
Mary Peck,1
Linda White,1
Galina Dmitrievna Chichagova,1
Eleanore Bujatti,1
Marcelle Cahn,1
Daria Esteva,1
Carel Blazer,1
Marianne Breslauer,1
Galya Rosenfeld,1
Lorraine Gamman,1
Elizaveta Dorfman,1
Barbaralee Diamonstein,1
Dorothy Ruddick,1
Fatih Aydogdu,1
Nina Kul'bina,1
Henriette Tirman,1
Alexandra Pavlova,1
Eleanore Peduzzi-Riva,1
Adriana Salazar,1
Marie Rosalie (Mitzi) Friedmann-Otten,1
Idelle Weber,1
Grace Jones,1
Lu Chunsheng,1
Alisa Poret,1
Andrea van der Straeten,1
"Heidi Weber, Zürich",1
Karen Kunc,1
Afra Scarpa,1
Louise Lemoine,1
Michaela Eichwald,1
Anne Wienholt,1
Anne Tyng,1
Kumiko Kushiyama,1
Gloria Ortiz-Hernández,1
Dana Stone/United Press International,1
Barbel Scianghetti,1
Betsy Damon,1
Marion Palfi,1
Pamela Woodhead,1
Silvia Buonvicini,1
Carmen Winant,1
Eleanore Laine,1
Maartje Dros,1
Mary Adshead,1
Maren Hassinger,1
Paola Pivi,1
Nadezhda Liubavina,1
Nélida Demichelis,1
Barbara Jaffe,1
Josephine Taylor,1
Bona,1
Lill Tschudi,1
Olga Dmitrievna Chichagova,1
Hansi Durlach,1
Jane Comfort,1
Gertrude Quastler,1
Joyce Wieland,1
Karen Fairbanks,1
Bonnie Gordon,1
Judy Seigel,1
Angela Bulloch,1
Ann Moore,1
Deborah Kass,1
Elsa Gramcko,1
Suzanne Lee,1
Annee Olofsson,1
Vera Chuklova,1
Vera Berdich,1
Séraphine Louis,1
Margaret Rose,1
Nadezhda Udal'tsova,1
Latifa Echakhch,1
Sheela Gowda,1
Frieda Gertrud Riess,1
Isabel Pons,1
Harriet M. Veissi,1
Jennifer Moon,1
Dora Feilane,1
Worden Day,1
Eva Kotátková,1
Gwen Knight,1
Juanita (Jean) Exley,1
Hermine Freed,1
Clara McDonald Williamson,1
Hương Ngô,1
Hulda Robbins,1
Patricia Smith,1
Zhang Yuan,1
Mary Ann Dorr,1
Mildred Leo Clemens,1
Vita Castro,1
Susan Weitzman,1
Elsa Cayo,1
Cami Stone,1
Helena Hernmarck,1
Camille van den Brande,1
Marsha Burns,1
Maud Morgan,1
Beatrix Sunkovsky,1
Margarete Kubicka,1
Lisa Strausfeld,1
Princess Winifred,1
Margaret Moulton,1
Brigitte Chopin,1
Violet Suk,1
Susan Rynard,1
Mariette Lydis,1
Esther Parada,1
Katharina Sieverding,1
Michelle Stone,1
Alzira Helena Teixeira,1
Marta Maria Pérez  Bravo,1
Clare Romano,1
Karen Finley,1
Colleen Browning,1
Ayse Birsel,1
Marijke Koger-Dunham,1
Jessica Mein,1
Irene Rousseau,1
Britt-Louise Sundell,1
Sofiia Nalepins'ka,1
Pia Lindman,1
Karin Aue,1
Gabi Klasmer,1
Jaune Quick-to-see Smith,1
Molly Crabapple,1
Fiona Raby,1
Hannah Collins,1
Jessica Rosenkrantz,1
Alexandra Domanovic,1
Ana Maria Millan,1
Beth B,1
Huguette Caland,1
Constance DeJong,1
Susan Hapgood,1
Angel Velasco Shaw,1
Lette Eisenhauer,1
Laurene Leon Boym,1
Ruanne Abou-Rahme,1
Kacie Kinzer,1
Françoise Saint-Thibault,1
Jeanne Gang,1
Susan Sellers,1
Abbie Herrick,1
Pamela Rosenkranz,1
Baroness Elsa von Freytag-Loringhoven,1
Ellen Siegel,1
Julia Scher,1
Beryl Marton,1
Alma Siedhoff-Buscher,1
Groting,1
Margit Ruoff,1
Nathalie Djurberg,1
Susan Raymond,1
Ann Veronica Janssens,1
Diana Agrest,1
Gabriele Evertz,1
Gretl Wollner,1
Hendrika Sonnenberg,1
Sarah Schneider,1
Chris Sugrue,1
Caroline Feyt,1
Dori Atlantis,1
Annie Leibovitz,1
Marina Faust,1
Cathrin Pichler,1
Annika Eriksson,1
Farshid Moussavi,1
Nina Chanel Abney,1
Amira Wasfy,1
Ray Eames,1
Lita Albuquerque,1
Roswitha Marhold,1
Vanalyne Green,1
Margaret Hoening French,1
Elizabeth King Hawley,1
Benita Koch-Otte,1
Horit Herman Peled,1
Barbara Brown,1
Seena Donneson,1
Kate Crawford,1
Caroline E. Heider,1
Eija-Liisa Ahtila,1
Alysa Nahmias,1
Garrett Bradley,1
Barbara Olmsted,1
Tonita Peña,1
Joan Waltemath,1
Elisabeth Plank,1
Cornelia Blatter,1
Nancy Haynes,1
Daniela Rossell,1
Pierangela d'Aniello,1
Shirley Jaffe,1
Olja Ivanjicki,1
Deanna Templeton,1
Virginia Overton,1
Janet Perr,1
Éva Kémeny,1
Belkis Ayón,1
Diane Neumaier,1
Anne Ramsden,1
Helena (Mie Yuan Wong) Wong,1
Elizabeth Sparhawk-Jones,1
Lyn Blumenthal,1
Krissy Clegg,1
Donna Tryon,1
Marie Carlier,1
Amanda Levete,1
Susan Milano,1
Susannah C. Drake,1
Yolanda Lopez,1
Teresa Chang,1
Caroline Hebbe-Hammarskiold,1
Nanako Umemoto,1
Kyoko Michishita,1
Miranda July,1
Maria Teresa Cuéllar Teyé,1
Linder [Linda Sterling],1
Susan Schwalb,1
Betzaida Concepción,1
Penny George,1
Barbara Buckner,1
Joan La Barbara,1
Lizzie Fitch,1
Mahthilde Evans,1
Michele Gauler,1
Suzanne Jackson,1
Max Cole,1
Thelma Johnson Streat,1
Irit Batsry,1
Jeannette Ducrocq Tanguy,1
Wanda Wulz,1
Sharon Harper,1
Christien Meindertsma,1
Brigitte Hellgoth,1
Dorothee Becker,1
Lynn Sexton,1
Priska Von Martin,1
Martine Bedin,1
K8 Hardy,1
Roberta Bayley,1
Marianne Kampel,1
Lauren Piperno,1
Ruth Anderwald,1
Emily Carter,1
Sheryl Oppenheim,1
Anna Ostroumova-Lebedeva,1
Adele Röder,1
DoDo Jin Ming,1
Helen Margaret Post,1
Jean Jackson,1
Barbara Ess,1
Analia Saban,1
Joanna Pousette-Dart,1
Sophie Alex,1
Anne Lacaton,1
Jie Qi,1
Helen Balfour Morrison,1
Silke Otto-Knapp,1
Stacy Benjamin,1
Nancy Youdelman,1
Nathalie Lawhead,1
M. A. Dillon,1
Rebecca Allen,1
Margarita D'Amico,1
Nancy Reddin Kienholz,1
Rimma Gerlovina,1
C. Emanuele Ponzio,1
Loredana Sperini,1
Lilly E. Hoffman,1
Doris Kreindler,1
Anne-Marie Miéville,1
Fanny Rabel,1
Sejla Kameric,1
Sigi Moeslinger,1
Julie Gustafson,1
Luba Lukova,1
Rita Myers,1
Pauline Riffaut,1
Zoe Zenghelis,1
Grace A. Snyder,1
Joan Charysyn,1
Ruby Sky Stiler,1
Jöelle de la Casinière,1
Helen Escobedo,1
Jane Piper,1
Johanna Billing,1
Ceal Floyer,1
Lauren Ford,1
Bettina Sellmann,1
Carol Lipper,1
Kim Berman,1
Koo Jeong-a,1
Dita Moser,1
Peggy Preheim,1
Marine Hugonnier,1
Eleanor Kluck,1
Meriem Bennani,1
Laura Ziegler,1
Munira Al-Kazi,1
Helge Refn,1
Ann Ledy,1
Ada Tolla,1
Kenturah Davis,1
L.A. Raeven,1
Maureen Bisilliat,1
Liza Béar,1
Margaret Macdonald,1
A. R. de Ycaza,1
Gisela Clemens,1
Sara Diamond,1
Jennifer A. Lewis,1
Judith Mason,1
Fujiko Nakaya,1
Wendy Meng,1
Helen Gilbert,1
Tamar Cohen,1
Yong Soon Min,1
Athena Tacha,1
A.L. Steiner,1
Harumi Yamaguchi,1
Stella C. Salisbury,1
Maina-Miriam Munsky,1
Grete Lihotzky,1
Susi Berger,1
Martine Aballea,1
Barbara Crane,1
Mercedes Pardo,1
Nicola Costantino,1
Wenda Von Weise,1
Betty Dodson,1
Myrna Báez,1
Amanda Ross-Ho,1
Chizuko Yoshida,1
Leonore Mau,1
"Elizabeth ""Grandma"" Layton",1
Dona Ann McAdams,1
Svetlana Kopystiansky,1
Pepi Weixlgartner,1
Margaret Lanzetta,1
Gertrud Fischbacher,1
Petra Cortright,1
Barbara Bosworth,1
Jennifer Allora,1
Isidora Aschheim,1
Julia Seyr,1
Lynn Adler,1
Mar Jean Kettunen,1
Miriam Bat-Yosef,1
Natasha Agapova,1
Sofia Goscinski,1
Denise Scott Brown,1
Carol Hepper,1
Danuta Leszczynska-Kluza,1
Aretha Franklin,1
Helene Haasbauer-Wallrath,1
Lene Berg,1
Virginia Rutledge,1
Jessica Jackson Hutchins,1
Elizabeth McLennan,1
Pennie Smith,1
Marianna Erlikh,1
Mimi Shevitz,1
Katherine S. Dreier,1
Xiao Lu,1
Sarah Williams,1
Il'ia Rogovin,1
Anna Jermolaewa,1
Ericka Beckman,1
Valery Shchekoldin,1
Sara Hendren,1
Betty Skowronski,1
Idelle L. Feinberg,1
Jeanne Mammen,1
Kendra Ferguson,1
Norma Kamali,1
Tatiana Parcero,1
Evgeniia Evenbakh,1
Andrea Cascella,1
Winfried Holtz,1
Marie Harnett,1
Raffaella Mangiarotti,1
Mickalene Thomas,1
Judith Scott,1
Margia Kramer,1
Jeanne Verdoux,1
Marie Raymond,1
Ingrid Wiener,1
Katya Sander,1
Candida Höfer,1
Jordan Casteel,1
inri,1
Nina Leen,1
Elsa Stansfield,1
Maria Crista,1
Wendela Boreel,1
Jumana Manna,1
Hân Pham,1
Andrea Trimarchi,1
Ann Fessler,1
Sonja Ferlov,1
Frances Avery,1
Julie Ryan,1
Mary McFerran,1
Andrea Modica,1
Lynne Woods Turner,1
Gertrud Natzler,1
Linda Montano,1
Nancy Skolos,1
Naomi Elliott,1
Dolores Dembus Bittleman,1
Helga von Eicken-Kopperl,1
Mildred E. Williams,1
Gabriele Münter,1
Alexandra Nikolaevna Jacobson,1
Elena Borstein,1
Jann Haworth,1
Hanneline Visnes,1
Katharina Ivansich,1
Fernanda Bertini Viégas,1
Toshiko Okanoue,1
Runa Islam,1
Nipa Doshi,1
Jayme Odgers,1
Delia Smith,1
Jennifer Bolande,1
Kristin Oppenheim,1
Vera Klement,1
Lorraine O'Grady,1
Jeanne Silverthorne,1
Heike Lohmann,1
Esther Wood,1
Sophie Ristelhueber,1
Melanie Smith,1
Elaine Summers,1
Stefanie Posavec,1
Kirsten Deirup,1
Loretta Lux,1
Margaret DeM Brown,1
Judith Francisca Baca,1
Annette Messager,1
Andrea Klein,1
Viola Gråsten,1
Willa Percival,1
Anne Waldman,1
Katherine Ball,1
Peggy Jarrell Kaplan,1
Fionnuala Boyd,1
Irene Bayer-Hecht,1
Lea Kleiner,1
Antonieta Sosa,1
María Freire,1
Carole Caroompas,1
Jill Dawsey,1
Diana Thater,1
Isabelle Arthuis,1
Olga Deneiko,1
Beatrice Albert,1
Diane von Furstenberg,1
Sang-Ah Choi,1
Carry (Carl Maria) Hauser,1
Hisae Imai,1
Hilla Rebay von Ehrenwiesen,1
Norah Borges de Torre,1
Lili Reynaud-Dewar,1
Shelley McNamara,1
Patricia Dalzell,1
Gloria Camiruaga,1
Suzanne Powadiuk,1
Franziska Krammel,1
Heike-Melba Fendel,1
Linda Goode Bryant,1
Lucille Aukerman,1
Lu Wenyu,1
Leah De Prizio,1
Carole Benzaken,1
Kari Sivonen,1
Vreni Löwensberg,1
Teresa Żarnower,1
Pratibha Parmar,1
Cornelia Mittendorfer,1
Jody Pinto,1
Gerda Strömberg,1
Eloise Vega Smith,1
Liz Larner,1
Cara DeVito,1
Lutz Bacher,1
Juliet Kepes,1
Clara Carrié,1
Joan Logue,1
Yehudit Sasportas,1
Kathy McArdie,1
Tirtza Even,1
Margaret Ann Moorman,1
Riva Helfond,1
Anna Persiani,1
Francesca Lindh,1
Inge Steckert,1
Lore Feininger,1
Natasa Berk,1
Diane Bonder,1
Elena Bedumovaia,1
Linda Chapman,1
Beckermann,1
Keiko Tsuno,1
Suzanne Hausammann,1
Wieki Somers,1
Janice Yudell,1
Gertrude LeRoy Brown,1
Agnes Lyall,1
Orian Barki,1
Gillian Ayres,1
Feliza Bursztyn,1
Zilla Leutenegger,1
Marjorie Content,1
Christina Galvez,1
Remedios Varo,1
Irene Poon,1
Augusta von Zitzewitz,1
Naomi Boretz,1
June Leaf,1
Betty James,1
Elisabeth Lindemann,1
Sharon Johnston,1
Rose Mandel,1
Paulette Phillips,1
Fonna Forman,1
Jaroslava Hatláková,1
Concetta Scaravaglione,1
Faith Hubley,1
Jan Gelb,1
Iskra Grabulovski,1
Jan Lester Martin,1
Jocelyne Coster,1
Natascha Sadr Haghighian,1
Leonor Caraballo,1
McDonald (Mackey Jeffries) Bane,1
Yael Bartana,1
Carmen Basile,1
Sara Shaughnessy,1
Rita Eloul Letendre,1
Beryl Korot,1
Nora Schultz,1
Laura Aguilar,1
Harmony Hammond,1
Jean Locey,1
Regina Schmeken,1
Marion Mahony Griffin,1
Diana Balton,1
Sheri Martinelli,1
Lia Cook,1
Pamela Bianco,1
Gro Bonesmo,1
Marjan van Aubel,1
Paddy Johnson,1
Sonja Hennersdorf,1
Laure Prouvost,1
Marion Weiss,1
Yoko Maruyama,1
Nelly (Elli Sougioultzoglou-Seraidari),1
Mariia Kotliarevs'ka,1
America Sanchez,1
Virginia Nepodal,1
Edith Payer,1
Beatrice Trueblood,1
Lucy McEachan,1
Lonnie van Brummelen,1
Mary Rodney,1
Rossella Bellusci,1
Christina Fernandez,1
Nan González,1
Regine Leibinger,1
Antoinette Araco,1
Marian Warzecha,1
Hope Sandrow,1
Dorr Bothwell,1
Evelyne Axell,1
Michaela Math,1
Dee Dee Halleck,1
Melissa Gurdus,1
Kristen Corinne Masri,1
Rebecca Bird,1
Alda Maria Armagni,1
Ines Lombardi,1
Lolita Zikmane,1
Kate Steinitz,1
Natacha Rambova,1
Neri Oxman,1
Dominique Berretty/Black Star Publishing Co.,1
Kathy Acker,1
Sabine Hornig,1
Milagros de la Torre,1
Lella Vignelli,1
Muriel Cooper,1
Clara Porset,1
Linda Lindroth,1
Danielle Jaeggi,1
Monika Andersson,1
Daniela Lovera,1
Marsha Cottrell,1
Carmel E. Vitullo,1
Hannah Weiner,1
Aude Jessemin,1
Ingeborg Strobl,1
Shirley Clarke,1
Rose A. Craigan,1
Kathan Brown,1
Misako Kirigaya,1
Mary Corse,1
Raha Raissnia,1
Anne Poirier,1
Deborah Oropallo,1
Eugenie Baizerman,1
Ruth Gikow,1
Ellen Moffat,1
Beth Brideau,1
Garciella Torre,1
Jean Carlomusto,1
Klaudia Kemper,1
Gayle Tsern,1
Vera Vil'koviskaia,1
Ellen Brooks,1
Bronwen Findlay,1
Viviane Sassen,1
Betty Parsons,1
Paulina Wallenberg-Olsson,1
Olga Stolpovskaya,1
Martha Holt,1
Berthe Morisot,1
Marilyn Baum,1
Björk,1
Kate Hartman,1
Vera Matiukh,1
Ida E. Fischer,1
Ethelyn Honig,1
Sule Attems,1
Lynne Tillman,1
Judy Stern,1
Mickey McGowan,1
Katharina Gaenssler,1
Duan Jinchuan,1
Jacqueline S. Casey,1
Susan Harris/The New York Times,1
Sofía von Ellrichshausen,1
Judith de Graauw,1
Eve Sonneman,1
Karen Ranucci,1
Rosa Brückl,1
Elvira Bach,1
Maria Reuter,1
Clarissa Sligh,1
Elizabeth Harding,1
Shu Lea Cheang,1
Cara Romero,1
Sarra Lebedeva,1
Reina Kochashian,1
Mrinalini Mukherjee,1
Christy Astuy,1
Melissa Meyer,1
Marcelle Wahl,1
Kikukawa Katsuyoshi,1
Hortense B. Isenberg,1
Kim Sooja,1
Margaret Calvert,1
Claudia Von Alemann,1
Emmy van Leersum,1
Moyra Davey,1
Flora Manteola,1
Kim Hoffmann,1
Betsey Johnson,1
Vera Aleksandrova,1
Julia Phillips,1
Louise Wilson,1
Anne Burdick,1
Linda Lindeberg,1
Sharon Lockhart,1
Dusti Bongé,1
Marina Stern,1
Cornelia Lauf,1
Diamela Eltit,1
Alice Boughton,1
Elizabeth van der Zaag,1
Nina Ivanova,1
Ursula Johanna Richter,1
Sally Mann,1
Candice Breitz,1
Christine Boumeester,1
Lauri Rosenwald,1
Louise Hopkins,1
Joy Jacobs,1
Karla Knight,1
Anita Ventura,1
Ayse Erkmen,1
Kirsten Pieroth,1
Floria Sigismondi,1
Zuzana Licko,1
Reena Spaulings,1
Khabias [pseudonym Of Nina Komarova],1
Ka Markelius,1
Laura Kurgan,1
Yan Hu,1
Kelly McLane,1
Martha Colburn,1
Jean Chopin,1
Gazbia Sirry,1
Magali Lara,1
Doris Simmelink,1
Ella Steigelman,1
Lisa Larsen,1
Rebecca Warren,1
Sonia Katchian,1
Sibille Berger,1
Maria Thereza Alves,1
Jane Reece,1
Olga Breslavtseva,1
Judithe Hernández,1
Margaret Moores,1
Suzanne Lacy,1
Marlene Streeruwitz,1
Gabriele Nothhelfer,1
Huang Wenjing,1
Hélène Binet,1
Yau Ching,1
Margaret E. Knight,1
Ilkka Laine,1
Jutta Sika,1
Sandra Cinto,1
Elizabeth Olds,1
Brigitte Kochta,1
Sarah Stocker,1
J. Edith Wise,1
Merg Ross,1
Elizabeth Shaw,1
Greta Von Nessen,1
Chansonetta Stanley Emmons,1
Ruth Eckstein,1
Elena Serrano,1
Naomi Tereza Salmon,1
Caroline Greenwald,1
Edith M. Barber,1
Annette Rosado,1
Reika Iwami,1
Christine Osinski,1
Beatriz Cifuentes,1
Valeska Soares,1
Melissa Miller,1
Ann Parker,1
Jun Iseyama,1
Gabrielle Russomagno,1
Juana Lecaros,1
Marlene McCarty,1
Rona Pondick,1
Margaret Harris,1
Irene Delano,1
Deborah Kelly,1
Edith Jimenez,1
Helen Chadwick,1
Marcia Herscovitz,1
Jacqueline Livingston,1
Judy Linn,1
Susan Weil,1
Alex Bag,1
Herry Perry,1
Kandis Williams,1
Margo Humphrey,1
Ingrid Calame,1
Lauren Halsey,1
Susan Shaw,1
Elena Guro,1
Tamami Shima,1
Karen Szekessy,1
Deborah de Moulpied,1
Naoko Karotsuka,1
Rosalyn Drexler,1
Laura Poitras,1
Poly Styrene (Marianne Joan Elliott-Said),1
Maria Helena Valente da Cruz,1
Judith Rothschild,1
Yvonne Farrell,1
Connie Imboden,1
Mirjana Djordjevic,1
JoAnn Carney,1
Phyllis Bramson,1
Irene Hoffmann,1
Daisy Youngblood,1
Ava Gerber,1
Linda Lynch,1
Jean Follett,1
Tat’iana Glebova,1
Eileen Cowin,1
Jean Cohen,1
Jing Liu,1
Lise Anne Couture,1
Sandra Semchuk,1
Sabine Weiss,1
Suzanne Duchamp,1
Katerina Seda,1
"Clementina, Lady Hawarden",1
Joyce Weinstein,1
Elizabeth Alford,1
Judy Seidman,1
Andrea Starl,1
Helen Joy Weinberg,1
Madelon Hooykaas,1
Sally Hazelet Drummond,1
Franciszka Themerson,1
Paula Horn Kotis,1
Victoria Gil,1
Nikki Dibben,1
Sabrina Jones,1
Marguerite Humeau,1
Judit Reigl,1
Delphine Meriaux,1
Eve Andrée Laramée,1
Paula Hayes,1
Lucinda Childs,1
Emi Segawa,1
Vera Pestel,1
Amy Schwartz,1
Stephanie Brody Lederman,1
Carolien Vlieger,1
Barbara Westman,1
Magda Tothova,1
Nancy Ford Cones,1
Claire Moore,1
Mary Walker Phillips,1
Toni Basil,1
Miriam Bäckström,1
Arlene Hoffman,1
Sylvia Plachy,1
Alison Sky,1
Uli Aigner,1
Li Hong,1
Christine Hiebert,1
Sister Sheila Flynn,1
Kate Simon,1
Rachel Feinstein,1
Jacqueline Humphries,1
Laura Sheleen,1
Cui Jie,1
Irma Tulek,1
Linda van Deursen,1
Amy Granat,1
Hally Pancer,1
Louise Despont,1
Ce Roser,1
Martha Keller,1
Barbara Ambrosz,1
Jo Randerson,1
Marie Cool,1
Elle-Mie Ejdrup Hansen,1
Karin Schou Andersen,1
Aida Carballo,1
Sibyl Anikeef,1
Ethel Reed,1
